backend,batch,rate_hz,count,p50_ns,p99_ns,p999_ns,max_ns,iqr_ns,mean_ns
cpu,1,0,20000,1000,1600,24800,360100,300,1083.95
cuda-naive,1,0,20000,52100,1.6364e+06,3.3188e+06,1.29282e+07,19500,117890
cuda-graphs,1,0,20000,98100,1.8957e+06,3.7593e+06,8.3188e+06,30800,232834
persistent,1,0,20000,5500,155500,1.2935e+06,2.3421e+06,200,14848
cpu,1,1000,20000,900,35800,662500,2.9399e+06,600,4010.59
cuda-naive,1,1000,20000,76500,1.3694e+06,2.5019e+06,4.0838e+06,200800,262090
cuda-graphs,1,1000,20000,106500,1.4563e+06,2.5211e+06,2.4339e+07,110900,263341
cpu,1,10000,20000,700,6400,49800,951200,300,987.035
cuda-naive,1,10000,20000,84200,310700,1.4122e+06,4.02256e+07,32600,107778
cuda-graphs,1,10000,20000,167400,403900,1.1176e+06,1.6595e+07,22600,181587
cpu,1,50000,20000,700,2800,39800,366100,200,951.735
cuda-naive,1,50000,20000,102600,252800,522000,4.2538e+06,40000,114849
cuda-graphs,1,50000,20000,131500,285100,440700,790200,53400,143093
cpu,1,100000,20000,600,3900,14700,100100,400,755.615
cuda-naive,1,100000,20000,126300,279200,538000,2.1762e+06,41300,127481
cuda-graphs,1,100000,20000,124000,304600,784200,5.3236e+06,44700,141124
cpu,1,250000,20000,700,1200,7500,61900,0,743.575
cuda-naive,1,250000,20000,81000,206100,542800,2.4198e+06,11800,87430.3
cuda-graphs,1,250000,20000,120500,304800,1.0242e+06,8.022e+06,40900,137265
cpu,2,0,20000,800,1600,14800,174000,200,964.935
cuda-naive,2,0,20000,81400,177600,397600,1.3352e+06,9000,86259
cuda-graphs,2,0,20000,100300,223900,544100,2.407e+06,14300,110448
persistent,2,0,20000,12900,51000,95700,620300,2400,19678.1
cpu,2,1000,20000,2000,17400,123500,2.3425e+06,500,3077.99
cuda-naive,2,1000,20000,93000,2.1544e+06,1.2576e+07,6.95369e+07,56900,250831
cuda-graphs,2,1000,20000,164400,1.4726e+06,4.065e+06,9.3513e+06,65200,253118
cpu,2,10000,20000,1300,3900,66500,1.1884e+06,100,1751.3
cuda-naive,2,10000,20000,80600,333000,1.694e+06,2.49789e+07,24400,100302
cuda-graphs,2,10000,20000,101700,441400,1.7841e+06,6.4867e+06,43100,130030
cpu,2,50000,20000,1300,2000,52300,1.6987e+06,200,1732.96
cuda-naive,2,50000,20000,75300,279300,1.1479e+06,4.8769e+06,5200,86419.6
cuda-graphs,2,50000,20000,100700,381400,1.5684e+06,5.5202e+06,43100,123666
cpu,2,100000,20000,1300,2000,24700,925500,200,1437.44
cuda-naive,2,100000,20000,76200,294200,1.3684e+06,7.4772e+06,7300,90663.5
cuda-graphs,2,100000,20000,97700,379500,2.1012e+06,3.00582e+07,4500,117614
cpu,2,250000,20000,1200,1800,8000,1.0235e+06,300,1265.11
cuda-naive,2,250000,20000,74000,303400,935100,2.75813e+07,5200,85442.3
cuda-graphs,2,250000,20000,97400,368300,1.7124e+06,3.39706e+07,1600,114084
cpu,4,0,20000,1200,2300,4900,6.638e+06,400,1855.27
cuda-naive,4,0,20000,74300,291700,973600,1.78712e+07,5700,86063.8
cuda-graphs,4,0,20000,97500,372300,1.806e+06,1.79073e+08,2900,126746
persistent,4,0,20000,25400,81800,860100,5.7199e+06,3100,33021.8
cpu,4,1000,20000,2600,15800,465900,1.8984e+06,500,4470.37
cuda-naive,4,1000,20000,183200,1.6381e+06,4.9022e+06,1.9408e+07,60700,271445
cuda-graphs,4,1000,20000,169500,1.566e+06,4.712e+06,2.58301e+07,67000,260296
cpu,4,10000,20000,2500,6600,109000,794300,300,2944.84
cuda-naive,4,10000,20000,79000,464000,3.0185e+06,4.5516e+07,8400,102770
cuda-graphs,4,10000,20000,97900,305200,1.2147e+06,3.29983e+07,6800,113758
cpu,4,50000,20000,2500,4100,42500,2.2743e+06,300,3012.42
cuda-naive,4,50000,20000,77400,388700,2.3263e+06,2.78786e+07,7300,93818.4
cuda-graphs,4,50000,20000,97800,336100,1.4559e+06,1.05632e+07,3000,112931
cpu,4,100000,20000,2400,3600,68300,231900,500,2494.62
cuda-naive,4,100000,20000,77400,315000,1.4657e+06,2.2528e+07,8900,91700.1
cuda-graphs,4,100000,20000,97800,360600,1.5343e+06,1.40791e+07,2500,113577
cpu,4,250000,20000,2100,3100,49600,679500,600,2233.91
cuda-naive,4,250000,20000,78800,301900,1.5675e+06,1.05336e+08,11100,99352.7
cuda-graphs,4,250000,20000,100800,377700,1.2468e+06,3.51088e+07,28600,122517
cpu,8,0,20000,2200,4400,39600,2.1458e+06,400,2885.15
cuda-naive,8,0,20000,76100,296800,1.3814e+06,2.29488e+07,6600,91517.9
cuda-graphs,8,0,20000,101000,378400,1.9031e+06,3.32068e+07,30100,125595
persistent,8,0,20000,47000,124500,774300,3.3886e+06,6600,53045.7
cpu,8,1000,20000,5000,21000,236600,1.5591e+06,600,6560.04
cuda-naive,8,1000,20000,90200,1.3633e+06,4.114e+06,1.12502e+07,20500,187495
cuda-graphs,8,1000,20000,154100,1.4276e+06,4.1284e+06,4.04106e+07,66000,252694
cpu,8,10000,20000,4900,11700,299300,3.64836e+07,600,7438.47
cuda-naive,8,10000,20000,116100,497500,2.2707e+06,2.26639e+07,16400,136433
cuda-graphs,8,10000,20000,143500,486500,1.8985e+06,2.35627e+07,14400,167039
cpu,8,50000,20000,4700,6000,288500,1.7463e+06,600,5466.06
cuda-naive,8,50000,20000,116000,486200,1.5349e+06,2.52656e+07,13500,133409
cuda-graphs,8,50000,20000,142500,495300,1.4096e+06,1.1503e+07,5300,161303
cpu,8,100000,20000,2200,3000,70900,610700,300,2570.38
cuda-naive,8,100000,20000,115900,442300,2.1148e+06,1.11426e+08,22000,142262
cuda-graphs,8,100000,20000,141700,468900,2.9564e+06,2.62521e+07,10800,158162
cpu,8,250000,20000,2300,5300,38500,957200,600,2909.49
cuda-naive,8,250000,20000,79100,395200,2.2411e+06,1.8602e+07,11900,100631
cuda-graphs,8,250000,20000,97800,397600,1.6429e+06,3.50049e+07,2700,115869
cpu,16,0,20000,7200,11300,178400,477900,4400,7357.19
cuda-naive,16,0,20000,76200,292500,1.3089e+06,2.54711e+07,7100,89925.5
cuda-graphs,16,0,20000,97900,379000,2.878e+06,1.4718e+07,5000,118421
persistent,16,0,18750,91200,714700,6.0587e+06,1.19308e+08,2600,150882
cpu,16,1000,20000,9900,56000,440600,6.0918e+06,1000,12835.7
cuda-naive,16,1000,20000,138800,1.438e+06,4.5001e+06,2.99186e+07,85300,235523
cuda-graphs,16,1000,20000,127300,1.3566e+06,3.9993e+06,2.97932e+07,64200,234968
cpu,16,10000,20000,9600,20400,721300,4.9851e+06,800,12187.7
cuda-naive,16,10000,20000,74600,425800,1.5269e+06,9.2676e+06,5300,90812.7
cuda-graphs,16,10000,20000,97500,385000,1.5248e+06,8.9091e+06,2200,112476
cpu,16,50000,20000,6500,12000,376700,1.3631e+06,2000,8021.24
cuda-naive,16,50000,20000,74700,294400,1.113e+06,2.81301e+07,5500,87382.7
cuda-graphs,16,50000,20000,97500,303700,1.1361e+06,2.2114e+07,2400,110560
cpu,16,100000,20000,4400,14400,216700,2.5219e+06,500,5805.86
cuda-naive,16,100000,20000,74400,294300,1.1096e+06,7.2884e+06,5200,86318.4
cuda-graphs,16,100000,20000,97700,327500,1.4288e+06,1.25009e+08,4000,122168
cpu,16,250000,20000,4400,8100,111200,4.4509e+06,500,5179.6
cuda-naive,16,250000,20000,74300,324900,1.1747e+06,3.27923e+07,5200,88896.1
cuda-graphs,16,250000,20000,97500,333800,1.1941e+06,2.5879e+07,3400,111673
cpu,32,0,20000,8800,30600,272200,3.2225e+06,700,10999.5
cuda-naive,32,0,20000,75600,318000,1.3654e+06,3.12102e+07,5600,89793.9
cuda-graphs,32,0,20000,98400,332200,1.0654e+06,2.56126e+07,8400,112749
persistent,32,0,9375,181800,612200,3.1799e+06,2.64831e+07,1500,205629
cpu,32,1000,20000,19300,114100,932200,5.3647e+06,1400,23874.3
cuda-naive,32,1000,20000,94700,1.4378e+06,4.3165e+06,1.01921e+07,89500,209624
cuda-graphs,32,1000,20000,161000,1.4532e+06,4.1541e+06,2.35198e+07,67000,253567
cpu,32,10000,20000,18800,46900,458100,2.4633e+06,1600,19773.1
cuda-naive,32,10000,20000,83900,312300,1.3432e+06,1.07387e+07,21300,99758.3
cuda-graphs,32,10000,20000,102400,405300,1.7021e+06,2.18834e+07,43400,132391
cpu,32,50000,20000,15200,31600,239000,4.384e+06,6700,15953.8
cuda-naive,32,50000,20000,83600,375600,2.0358e+06,4.125e+07,21200,107334
cuda-graphs,32,50000,20000,101900,385600,1.4916e+06,5.3118e+06,43900,125317
cpu,32,100000,20000,13000,29900,246200,2.2631e+06,6100,13815.3
cuda-naive,32,100000,20000,77400,325300,1.3758e+06,2.61858e+07,8200,95348.2
cuda-graphs,32,100000,20000,103000,358200,1.7051e+06,1.26519e+08,41600,137866
cpu,32,250000,20000,9300,30800,247100,2.1173e+06,6700,13614
cuda-naive,32,250000,20000,77900,320800,1.7534e+06,1.42935e+07,8100,96124.5
cuda-graphs,32,250000,20000,107600,404800,1.5046e+06,3.83691e+07,41600,135282
cpu,64,0,20000,17500,59800,443000,4.8302e+06,800,20972.6
cuda-naive,64,0,20000,77400,340800,1.7855e+06,3.18847e+07,6100,93336.5
cuda-graphs,64,0,20000,99300,329400,1.2867e+06,8.6115e+06,2500,113562
persistent,64,0,4687,363700,970700,5.4272e+06,3.14609e+07,4000,402342
cpu,64,1000,20000,38500,196300,1.3669e+06,1.10303e+07,2900,47344
cuda-naive,64,1000,20000,187200,1.6263e+06,5.0632e+06,1.3693e+07,36600,282253
cuda-graphs,64,1000,20000,176900,1.4882e+06,5.3892e+06,4.95981e+07,67600,266900
cpu,64,10000,20000,36500,114500,1.0544e+06,8.4839e+06,11200,38127.6
cuda-naive,64,10000,20000,83400,328600,1.0738e+06,1.61136e+07,11000,96210.1
cuda-graphs,64,10000,20000,100000,372100,1.8309e+06,1.69955e+07,10300,119731
cpu,64,50000,20000,17900,57000,384400,1.63172e+07,12000,24903.8
cuda-naive,64,50000,20000,82700,314500,1.4688e+06,1.56404e+07,14300,97221.8
cuda-graphs,64,50000,20000,100000,360300,1.9178e+06,2.86016e+07,10200,120631
cpu,64,100000,20000,17900,60800,524500,1.88507e+07,12300,26096.5
cuda-naive,64,100000,20000,81000,344100,1.3315e+06,6.5854e+06,8300,94157.1
cuda-graphs,64,100000,20000,100100,356400,1.4359e+06,5.3541e+06,12100,118930
cpu,64,250000,20000,20500,75600,1.2708e+06,8.4253e+06,13700,30737.6
cuda-naive,64,250000,20000,81400,318200,1.3788e+06,1.98919e+07,12400,96932.4
cuda-graphs,64,250000,20000,103900,429500,1.7828e+06,1.28608e+07,44500,133418
cpu,128,0,20000,35700,136500,641700,3.9556e+06,23900,48844.8
cuda-naive,128,0,20000,88500,409800,1.2567e+06,7.5228e+06,28000,110693
cuda-graphs,128,0,20000,127500,470200,1.7144e+06,6.78494e+07,46000,144260
persistent,128,0,2343,739600,1.696e+06,7.4855e+06,1.02573e+07,21900,786868
cpu,128,1000,20000,76100,344100,2.6241e+06,2.122e+07,6600,91785.9
cuda-naive,128,1000,20000,101400,1.2972e+06,3.9721e+06,1.50944e+07,12600,191412
cuda-graphs,128,1000,20000,174300,1.5783e+06,4.2916e+06,4.74858e+07,66400,268913
cpu,128,10000,20000,42900,198100,996500,6.1001e+06,24000,52622.1
cuda-naive,128,10000,20000,119900,517600,1.5705e+06,2.68995e+07,12800,137422
cuda-graphs,128,10000,20000,149400,455700,2.2274e+06,1.68595e+08,5900,173495
cpu,128,50000,20000,34500,119300,882700,4.0297e+06,1100,39400.4
cuda-naive,128,50000,20000,119900,452400,1.4736e+06,3.1614e+07,14400,135803
cuda-graphs,128,50000,20000,149000,508900,1.826e+06,2.72784e+07,3300,170129
cpu,128,100000,20000,34700,145100,887900,2.76808e+07,1100,41873.2
cuda-naive,128,100000,20000,111500,440400,1.8614e+06,6.28736e+07,37400,126605
cuda-graphs,128,100000,20000,101800,327300,1.022e+06,6.164e+06,11200,118013
cpu,128,250000,20000,35000,138000,1.1565e+06,3.3245e+06,8300,47072.6
cuda-naive,128,250000,20000,85100,281500,953400,4.14923e+07,16700,99850.3
cuda-graphs,128,250000,20000,102900,370100,1.5681e+06,1.1438e+07,36100,124990
cpu,256,0,20000,96700,342600,1.3498e+06,6.9225e+06,51900,108944
cuda-naive,256,0,20000,87300,315300,1.017e+06,1.6735e+07,11700,101296
cuda-graphs,256,0,20000,105700,371300,1.3635e+06,5.7913e+06,11900,122269
persistent,256,0,1171,1.4768e+06,2.1388e+06,3e+06,3.2744e+06,43300,1.50625e+06
cpu,256,1000,20000,151500,635700,2.8272e+06,1.54826e+07,12800,172586
cuda-naive,256,1000,20000,131200,1.3443e+06,4.9176e+06,2.05777e+08,63300,241349
cuda-graphs,256,1000,20000,137800,1.2997e+06,4.0829e+06,4.2966e+07,20500,238476
cpu,256,10000,20000,68900,361200,2.0248e+06,2.12584e+07,2200,82887.1
cuda-naive,256,10000,20000,85700,450300,2.3043e+06,2.82221e+07,4800,103876
cuda-graphs,256,10000,20000,104500,423700,2.8856e+06,3.19643e+07,5700,127421
cpu,256,50000,20000,69200,336200,1.4917e+06,3.14003e+07,2300,84410.4
cuda-naive,256,50000,20000,83900,323400,1.2272e+06,3.48696e+07,7400,97046.3
cuda-graphs,256,50000,20000,103600,346200,1.8934e+06,3.10633e+07,4400,119335
cpu,256,100000,20000,69000,353400,1.3069e+06,7.9909e+06,2100,79981.8
cuda-naive,256,100000,20000,83000,316300,1.1286e+06,2.61608e+07,5900,95758
cuda-graphs,256,100000,20000,104500,388800,1.4336e+06,3.03548e+07,6400,122578
cpu,256,250000,20000,69500,329300,1.516e+06,2.80429e+07,3000,85522.5
cuda-naive,256,250000,20000,84700,428900,2.2786e+06,2.7295e+07,5400,103292
cuda-graphs,256,250000,20000,105200,371700,1.6442e+06,2.84683e+07,4300,121890
